BEGIN;
INSERT INTO `tb_approval` (`id`, `approval_group_id`, `approval_name`, `submit_type`, `icon`, `form`, `process`, `app_status`, `sort_number`, `remarks`, `create_time`, `update_time`, `is_deleted`) VALUES (7, 1, '差旅报销', 'all', 'user', '{\"formConfig\": {\"size\": \"\", \"cssCode\": \"\", \"refName\": \"vForm\", \"functions\": \"\", \"modelName\": \"formData\", \"rulesName\": \"rules\", \"labelAlign\": \"label-left-align\", \"labelWidth\": 80, \"layoutType\": \"PC\", \"customClass\": [], \"jsonVersion\": 3, \"labelPosition\": \"left\", \"onFormCreated\": \"\", \"onFormMounted\": \"\", \"onFormDataChange\": \"\"}, \"widgetList\": [{\"id\": \"textarea94423\", \"key\": 46097, \"icon\": \"textarea-field\", \"type\": \"textarea\", \"options\": {\"name\": \"textarea94423\", \"rows\": 3, \"size\": \"\", \"label\": \"报销事由\", \"hidden\": false, \"onBlur\": \"\", \"onFocus\": \"\", \"onInput\": \"\", \"disabled\": false, \"onChange\": \"\", \"readonly\": false, \"required\": true, \"maxLength\": null, \"minLength\": null, \"onCreated\": \"\", \"onMounted\": \"\", \"labelAlign\": \"\", \"labelWidth\": null, \"onValidate\": \"\", \"validation\": \"\", \"columnWidth\": \"200px\", \"customClass\": [], \"labelHidden\": false, \"placeholder\": \"\", \"defaultValue\": \"\", \"labelTooltip\": null, \"requiredHint\": \"\", \"showWordLimit\": false, \"labelIconClass\": null, \"validationHint\": \"\", \"labelIconPosition\": \"rear\"}, \"formItemFlag\": true}, {\"id\": \"daterange109140\", \"key\": 67406, \"icon\": \"date-range-field\", \"type\": \"date-range\", \"options\": {\"name\": \"daterange109140\", \"size\": \"\", \"type\": \"daterange\", \"label\": \"日期\", \"format\": \"YYYY-MM-DD\", \"hidden\": false, \"onBlur\": \"\", \"onFocus\": \"\", \"disabled\": false, \"editable\": false, \"onChange\": \"\", \"readonly\": false, \"required\": true, \"clearable\": true, \"onCreated\": \"\", \"onMounted\": \"\", \"labelAlign\": \"\", \"labelWidth\": null, \"onValidate\": \"\", \"validation\": \"\", \"columnWidth\": \"200px\", \"customClass\": \"\", \"labelHidden\": false, \"valueFormat\": \"YYYY-MM-DD\", \"defaultValue\": null, \"labelTooltip\": null, \"requiredHint\": \"\", \"autoFullWidth\": true, \"endPlaceholder\": \"\", \"labelIconClass\": null, \"validationHint\": \"\", \"startPlaceholder\": \"\", \"labelIconPosition\": \"rear\"}, \"formItemFlag\": true}, {\"id\": \"select36973\", \"key\": 87712, \"icon\": \"select-field\", \"type\": \"select\", \"options\": {\"name\": \"select36973\", \"size\": \"\", \"label\": \"费用类型\", \"hidden\": false, \"onBlur\": \"\", \"remote\": false, \"onFocus\": \"\", \"disabled\": false, \"multiple\": false, \"onChange\": \"\", \"required\": true, \"clearable\": false, \"onCreated\": \"\", \"onMounted\": \"\", \"filterable\": false, \"labelAlign\": \"\", \"labelWidth\": null, \"onValidate\": \"\", \"validation\": \"\", \"allowCreate\": false, \"columnWidth\": \"200px\", \"customClass\": \"\", \"labelHidden\": false, \"optionItems\": [{\"label\": \"住宿费\", \"value\": 1}, {\"label\": \"交通费\", \"value\": 2}, {\"label\": \"招待费\", \"value\": 3}], \"placeholder\": \"\", \"defaultValue\": \"\", \"labelTooltip\": null, \"requiredHint\": \"\", \"multipleLimit\": 0, \"onRemoteQuery\": \"\", \"labelIconClass\": null, \"validationHint\": \"\", \"automaticDropdown\": false, \"labelIconPosition\": \"rear\"}, \"formItemFlag\": true}, {\"id\": \"input109728\", \"key\": 87937, \"icon\": \"text-field\", \"type\": \"input\", \"options\": {\"name\": \"input109728\", \"size\": \"\", \"type\": \"text\", \"label\": \"金额\", \"hidden\": false, \"onBlur\": \"\", \"onFocus\": \"\", \"onInput\": \"\", \"disabled\": false, \"onChange\": \"\", \"readonly\": false, \"required\": true, \"clearable\": true, \"maxLength\": null, \"minLength\": null, \"onCreated\": \"\", \"onMounted\": \"\", \"buttonIcon\": \"custom-search\", \"labelAlign\": \"\", \"labelWidth\": null, \"onValidate\": \"\", \"prefixIcon\": \"\", \"suffixIcon\": \"\", \"validation\": \"\", \"columnWidth\": \"200px\", \"customClass\": \"\", \"labelHidden\": false, \"placeholder\": \"\", \"appendButton\": false, \"defaultValue\": \"\", \"labelTooltip\": null, \"requiredHint\": \"\", \"showPassword\": false, \"showWordLimit\": false, \"labelIconClass\": null, \"validationHint\": \"\", \"labelIconPosition\": \"rear\", \"onAppendButtonClick\": \"\", \"appendButtonDisabled\": false}, \"formItemFlag\": true}, {\"id\": \"fileupload33215\", \"key\": 41634, \"icon\": \"file-upload-field\", \"type\": \"file-upload\", \"options\": {\"name\": \"fileupload33215\", \"label\": \"发票\", \"limit\": 3, \"hidden\": false, \"disabled\": false, \"required\": false, \"fileTypes\": [\"doc\", \"docx\", \"xls\", \"xlsx\"], \"onCreated\": \"\", \"onMounted\": \"\", \"uploadTip\": \"\", \"uploadURL\": \"\", \"customRule\": \"\", \"labelAlign\": \"\", \"labelWidth\": null, \"onValidate\": \"\", \"columnWidth\": \"200px\", \"customClass\": \"\", \"fileMaxSize\": 5, \"labelHidden\": false, \"labelTooltip\": null, \"onFileRemove\": \"\", \"requiredHint\": \"\", \"showFileList\": true, \"onUploadError\": \"\", \"customRuleHint\": \"\", \"labelIconClass\": null, \"multipleSelect\": false, \"onBeforeUpload\": \"\", \"onUploadSuccess\": \"\", \"withCredentials\": false, \"labelIconPosition\": \"rear\"}, \"formItemFlag\": true}]}', '[{\"title\": \"提交\", \"ccList\": [{\"type\": \"submitter\", \"typeDesc\": \"提交人\"}], \"submitType\": \"all\", \"approvalType\": \"start\"}, {\"title\": \"审批\", \"itemList\": [{\"type\": \"employee\", \"idList\": [], \"typeDesc\": \"指定员工\", \"employeeList\": [{\"id\": 6916, \"nickName\": \"艾萍\"}]}], \"emptyType\": \"autoPass\", \"approvalMode\": \"manual\", \"approvalType\": \"approval\", \"approvalMoreType\": \"all\"}, {\"title\": \"抄送\", \"ccList\": [{\"type\": \"submitter\", \"typeDesc\": \"提交人\"}], \"approvalType\": \"cc\"}, {\"title\": \"结束\", \"ccList\": [{\"type\": \"submitter\", \"typeDesc\": \"提交人\"}], \"approvalType\": \"end\"}]', 1, 1, '出差费用报销', '2023-04-23 12:34:12', '2023-04-25 12:03:10', 0);
INSERT INTO `tb_approval` (`id`, `approval_group_id`, `approval_name`, `submit_type`, `icon`, `form`, `process`, `app_status`, `sort_number`, `remarks`, `create_time`, `update_time`, `is_deleted`) VALUES (8, 1, 'Test', 'all', 'user', '{\"formConfig\": {\"size\": \"\", \"cssCode\": \"\", \"refName\": \"vForm\", \"functions\": \"\", \"modelName\": \"formData\", \"rulesName\": \"rules\", \"labelAlign\": \"label-left-align\", \"labelWidth\": 80, \"layoutType\": \"PC\", \"customClass\": [], \"jsonVersion\": 3, \"labelPosition\": \"left\", \"onFormCreated\": \"\", \"onFormMounted\": \"\", \"onFormDataChange\": \"\"}, \"widgetList\": [{\"id\": \"input103018\", \"key\": 95530, \"icon\": \"text-field\", \"type\": \"input\", \"options\": {\"name\": \"input103018\", \"size\": \"\", \"type\": \"text\", \"label\": \"input\", \"hidden\": false, \"onBlur\": \"\", \"onFocus\": \"\", \"onInput\": \"\", \"disabled\": false, \"onChange\": \"\", \"readonly\": false, \"required\": true, \"clearable\": true, \"maxLength\": null, \"minLength\": null, \"onCreated\": \"\", \"onMounted\": \"\", \"buttonIcon\": \"custom-search\", \"labelAlign\": \"\", \"labelWidth\": null, \"onValidate\": \"\", \"prefixIcon\": \"\", \"suffixIcon\": \"\", \"validation\": \"\", \"columnWidth\": \"200px\", \"customClass\": [], \"labelHidden\": false, \"placeholder\": \"\", \"appendButton\": false, \"defaultValue\": \"\", \"labelTooltip\": null, \"requiredHint\": \"\", \"showPassword\": false, \"showWordLimit\": false, \"labelIconClass\": null, \"validationHint\": \"\", \"labelIconPosition\": \"rear\", \"onAppendButtonClick\": \"\", \"appendButtonDisabled\": false}, \"formItemFlag\": true}]}', '[{\"title\": \"提交\", \"ccList\": [{\"type\": \"dept\", \"typeDesc\": \"部门负责人\"}, {\"type\": \"employee\", \"idList\": [], \"typeDesc\": \"指定员工\", \"employeeList\": [{\"id\": 6916, \"nickName\": \"艾萍\"}]}], \"submitType\": \"all\", \"approvalType\": \"start\"}, {\"title\": \"审批\", \"ccList\": [{\"type\": \"submitter\", \"typeDesc\": \"提交人\"}], \"itemList\": [{\"type\": \"dept\", \"idList\": [1], \"typeDesc\": \"部门负责人\"}], \"emptyType\": \"autoPass\", \"approvalMode\": \"manual\", \"approvalType\": \"approval\", \"employeeList\": [{\"id\": 6916, \"nickName\": \"艾萍\"}], \"approvalMoreType\": \"all\"}, {\"title\": \"抄送\", \"ccList\": [{\"type\": \"dept\", \"typeDesc\": \"部门负责人\"}], \"approvalType\": \"cc\"}, {\"title\": \"审批\", \"itemList\": [{\"type\": \"employee\", \"typeDesc\": \"指定员工\", \"employeeList\": [{\"id\": 6931, \"nickName\": \"秦冬\"}, {\"id\": 6917, \"nickName\": \"秦欢\"}, {\"id\": 6902, \"nickName\": \"邱婷\"}, {\"id\": 6855, \"nickName\": \"秦亮\"}]}], \"emptyType\": \"autoPass\", \"approvalMode\": \"manual\", \"approvalType\": \"approval\", \"approvalMoreType\": \"all\"}, {\"title\": \"办理\", \"itemList\": [{\"type\": \"userGroup\", \"idList\": [1], \"typeDesc\": \"员工组\"}], \"emptyType\": \"autoPass\", \"approvalType\": \"handler\", \"employeeList\": [{\"id\": 6896, \"nickName\": \"陈红\"}], \"approvalMoreType\": \"all\"}, {\"title\": \"抄送\", \"ccList\": [{\"type\": \"dept\", \"typeDesc\": \"部门负责人\"}], \"approvalType\": \"cc\"}, {\"title\": \"结束\", \"ccList\": [{\"type\": \"submitter\", \"typeDesc\": \"提交人\"}], \"approvalType\": \"end\"}]', 1, 1, 'test', '2023-04-25 12:15:58', '2023-05-05 15:48:24', 0);
INSERT INTO `tb_approval_group` (`id`, `group_name`, `sort_number`, `remarks`, `create_time`, `update_time`, `is_deleted`) VALUES (1, '财务', 1, NULL, '2023-05-05 17:43:20', NULL, 0);

INSERT INTO `tb_department` (`id`, `parent_id`, `dept_name`, `user_id`, `full_id`, `remarks`, `create_time`, `update_time`, `is_deleted`) VALUES (1, 0, '素焉科技网络有限公司', 2, '0-1', NULL, '2023-04-01 10:00:00', '2023-04-12 09:23:50', 0);
INSERT INTO `tb_department` (`id`, `parent_id`, `dept_name`, `user_id`, `full_id`, `remarks`, `create_time`, `update_time`, `is_deleted`) VALUES (2, 1, '研发部', 4, '0-1-2', NULL, '2023-04-01 10:00:00', '2023-05-05 17:22:10', 0);
INSERT INTO `tb_department` (`id`, `parent_id`, `dept_name`, `user_id`, `full_id`, `remarks`, `create_time`, `update_time`, `is_deleted`) VALUES (3, 1, '市场部', 264, '0-1-3', NULL, '2023-04-01 10:00:00', '2023-05-05 17:26:09', 0);
INSERT INTO `tb_department` (`id`, `parent_id`, `dept_name`, `user_id`, `full_id`, `remarks`, `create_time`, `update_time`, `is_deleted`) VALUES (4, 1, '人事部', 429, '0-1-4', NULL, '2023-04-01 10:00:00', '2023-04-12 09:24:29', 0);
INSERT INTO `tb_department` (`id`, `parent_id`, `dept_name`, `user_id`, `full_id`, `remarks`, `create_time`, `update_time`, `is_deleted`) VALUES (5, 1, '财务部', 741, '0-1-5', NULL, '2023-04-01 10:00:00', '2023-04-12 09:24:33', 0);
INSERT INTO `tb_department` (`id`, `parent_id`, `dept_name`, `user_id`, `full_id`, `remarks`, `create_time`, `update_time`, `is_deleted`) VALUES (6, 1, '运营部', 896, '0-1-6', NULL, '2023-04-01 10:00:00', '2023-04-12 09:24:37', 0);
INSERT INTO `tb_department` (`id`, `parent_id`, `dept_name`, `user_id`, `full_id`, `remarks`, `create_time`, `update_time`, `is_deleted`) VALUES (7, 1, '产品部', 1071, '0-1-7', NULL, '2023-04-01 10:00:00', '2023-04-12 09:24:40', 0);
INSERT INTO `tb_department` (`id`, `parent_id`, `dept_name`, `user_id`, `full_id`, `remarks`, `create_time`, `update_time`, `is_deleted`) VALUES (8, 2, '研发一部', 7, '0-1-2-8', NULL, '2023-04-01 10:00:00', '2023-05-05 17:22:14', 0);
INSERT INTO `tb_department` (`id`, `parent_id`, `dept_name`, `user_id`, `full_id`, `remarks`, `create_time`, `update_time`, `is_deleted`) VALUES (9, 2, '研发二部', 52, '0-1-2-9', NULL, '2023-04-01 10:00:00', '2023-05-05 17:22:18', 0);
INSERT INTO `tb_department` (`id`, `parent_id`, `dept_name`, `user_id`, `full_id`, `remarks`, `create_time`, `update_time`, `is_deleted`) VALUES (10, 2, '研发三部', 103, '0-1-2-10', NULL, '2023-04-01 10:00:00', '2023-05-05 17:25:42', 0);
INSERT INTO `tb_department` (`id`, `parent_id`, `dept_name`, `user_id`, `full_id`, `remarks`, `create_time`, `update_time`, `is_deleted`) VALUES (11, 2, '研发四部', 156, '0-1-2-11', NULL, '2023-04-01 10:00:00', '2023-05-05 17:25:56', 0);
INSERT INTO `tb_department` (`id`, `parent_id`, `dept_name`, `user_id`, `full_id`, `remarks`, `create_time`, `update_time`, `is_deleted`) VALUES (12, 2, '研发五部', 246, '0-1-2-12', NULL, '2023-04-01 10:00:00', '2023-05-05 17:26:01', 0);
INSERT INTO `tb_department` (`id`, `parent_id`, `dept_name`, `user_id`, `full_id`, `remarks`, `create_time`, `update_time`, `is_deleted`) VALUES (13, 3, '市场一部', 267, '0-1-3-13', NULL, '2023-04-01 10:00:00', '2023-05-05 17:26:14', 0);
INSERT INTO `tb_department` (`id`, `parent_id`, `dept_name`, `user_id`, `full_id`, `remarks`, `create_time`, `update_time`, `is_deleted`) VALUES (14, 3, '市场二部', 297, '0-1-3-14', NULL, '2023-04-01 10:00:00', '2023-05-05 17:26:18', 0);
INSERT INTO `tb_department` (`id`, `parent_id`, `dept_name`, `user_id`, `full_id`, `remarks`, `create_time`, `update_time`, `is_deleted`) VALUES (15, 3, '市场三部', 329, '0-1-3-15', NULL, '2023-04-01 10:00:00', '2023-05-05 17:26:22', 0);
INSERT INTO `tb_department` (`id`, `parent_id`, `dept_name`, `user_id`, `full_id`, `remarks`, `create_time`, `update_time`, `is_deleted`) VALUES (16, 3, '市场四部', 359, '0-1-3-16', NULL, '2023-04-01 10:00:00', '2023-05-05 17:26:27', 0);
INSERT INTO `tb_department` (`id`, `parent_id`, `dept_name`, `user_id`, `full_id`, `remarks`, `create_time`, `update_time`, `is_deleted`) VALUES (17, 3, '市场五部', 396, '0-1-3-17', NULL, '2023-04-01 10:00:00', '2023-05-05 17:32:18', 0);
INSERT INTO `tb_department` (`id`, `parent_id`, `dept_name`, `user_id`, `full_id`, `remarks`, `create_time`, `update_time`, `is_deleted`) VALUES (18, 4, '人事一部', 461, '0-1-4-18', NULL, '2023-04-01 10:00:00', '2023-05-05 17:32:18', 0);
INSERT INTO `tb_department` (`id`, `parent_id`, `dept_name`, `user_id`, `full_id`, `remarks`, `create_time`, `update_time`, `is_deleted`) VALUES (19, 4, '人事二部', 492, '0-1-4-19', NULL, '2023-04-01 10:00:00', '2023-05-05 17:32:18', 0);
INSERT INTO `tb_department` (`id`, `parent_id`, `dept_name`, `user_id`, `full_id`, `remarks`, `create_time`, `update_time`, `is_deleted`) VALUES (20, 4, '人事三部', 556, '0-1-4-20', NULL, '2023-04-01 10:00:00', '2023-05-05 17:32:18', 0);
INSERT INTO `tb_department` (`id`, `parent_id`, `dept_name`, `user_id`, `full_id`, `remarks`, `create_time`, `update_time`, `is_deleted`) VALUES (21, 4, '人事四部', 617, '0-1-4-21', NULL, '2023-04-01 10:00:00', '2023-05-05 17:32:18', 0);
INSERT INTO `tb_department` (`id`, `parent_id`, `dept_name`, `user_id`, `full_id`, `remarks`, `create_time`, `update_time`, `is_deleted`) VALUES (22, 4, '人事五部', 682, '0-1-4-22', NULL, '2023-04-01 10:00:00', '2023-05-05 17:32:18', 0);
INSERT INTO `tb_department` (`id`, `parent_id`, `dept_name`, `user_id`, `full_id`, `remarks`, `create_time`, `update_time`, `is_deleted`) VALUES (23, 5, '财务一部', 745, '0-1-5-23', NULL, '2023-04-01 10:00:00', '2023-05-05 17:32:18', 0);
INSERT INTO `tb_department` (`id`, `parent_id`, `dept_name`, `user_id`, `full_id`, `remarks`, `create_time`, `update_time`, `is_deleted`) VALUES (24, 5, '财务二部', 777, '0-1-5-24', NULL, '2023-04-01 10:00:00', '2023-05-05 17:32:18', 0);
INSERT INTO `tb_department` (`id`, `parent_id`, `dept_name`, `user_id`, `full_id`, `remarks`, `create_time`, `update_time`, `is_deleted`) VALUES (25, 5, '财务三部', 815, '0-1-5-25', NULL, '2023-04-01 10:00:00', '2023-05-05 17:32:18', 0);
INSERT INTO `tb_department` (`id`, `parent_id`, `dept_name`, `user_id`, `full_id`, `remarks`, `create_time`, `update_time`, `is_deleted`) VALUES (26, 5, '财务四部', 844, '0-1-5-26', NULL, '2023-04-01 10:00:00', '2023-05-05 17:32:18', 0);
INSERT INTO `tb_department` (`id`, `parent_id`, `dept_name`, `user_id`, `full_id`, `remarks`, `create_time`, `update_time`, `is_deleted`) VALUES (27, 5, '财务五部', 870, '0-1-5-27', NULL, '2023-04-01 10:00:00', '2023-05-05 17:32:18', 0);
INSERT INTO `tb_department` (`id`, `parent_id`, `dept_name`, `user_id`, `full_id`, `remarks`, `create_time`, `update_time`, `is_deleted`) VALUES (28, 6, '运营一部', 902, '0-1-6-28', NULL, '2023-04-01 10:00:00', '2023-05-05 17:32:18', 0);
INSERT INTO `tb_department` (`id`, `parent_id`, `dept_name`, `user_id`, `full_id`, `remarks`, `create_time`, `update_time`, `is_deleted`) VALUES (29, 6, '运营二部', 935, '0-1-6-29', NULL, '2023-04-01 10:00:00', '2023-05-05 17:32:18', 0);
INSERT INTO `tb_department` (`id`, `parent_id`, `dept_name`, `user_id`, `full_id`, `remarks`, `create_time`, `update_time`, `is_deleted`) VALUES (30, 6, '运营三部', 970, '0-1-6-30', NULL, '2023-04-01 10:00:00', '2023-05-05 17:32:18', 0);
INSERT INTO `tb_department` (`id`, `parent_id`, `dept_name`, `user_id`, `full_id`, `remarks`, `create_time`, `update_time`, `is_deleted`) VALUES (31, 6, '运营四部', 1010, '0-1-6-31', NULL, '2023-04-01 10:00:00', '2023-05-05 17:32:18', 0);
INSERT INTO `tb_department` (`id`, `parent_id`, `dept_name`, `user_id`, `full_id`, `remarks`, `create_time`, `update_time`, `is_deleted`) VALUES (32, 6, '运营五部', 1040, '0-1-6-32', NULL, '2023-04-01 10:00:00', '2023-05-05 17:32:18', 0);
INSERT INTO `tb_department` (`id`, `parent_id`, `dept_name`, `user_id`, `full_id`, `remarks`, `create_time`, `update_time`, `is_deleted`) VALUES (33, 7, '产品一部', 1074, '0-1-7-33', NULL, '2023-04-01 10:00:00', '2023-05-05 17:32:18', 0);
INSERT INTO `tb_department` (`id`, `parent_id`, `dept_name`, `user_id`, `full_id`, `remarks`, `create_time`, `update_time`, `is_deleted`) VALUES (34, 7, '产品二部', 1109, '0-1-7-34', NULL, '2023-04-01 10:00:00', '2023-05-05 17:32:18', 0);
INSERT INTO `tb_department` (`id`, `parent_id`, `dept_name`, `user_id`, `full_id`, `remarks`, `create_time`, `update_time`, `is_deleted`) VALUES (35, 7, '产品三部', 1142, '0-1-7-35', NULL, '2023-04-01 10:00:00', '2023-05-05 17:32:18', 0);
INSERT INTO `tb_department` (`id`, `parent_id`, `dept_name`, `user_id`, `full_id`, `remarks`, `create_time`, `update_time`, `is_deleted`) VALUES (36, 7, '产品四部', 1177, '0-1-7-36', NULL, '2023-04-01 10:00:00', '2023-05-05 17:32:18', 0);
INSERT INTO `tb_department` (`id`, `parent_id`, `dept_name`, `user_id`, `full_id`, `remarks`, `create_time`, `update_time`, `is_deleted`) VALUES (37, 7, '产品五部', 1207, '0-1-7-37', NULL, '2023-04-01 10:00:00', '2023-05-05 17:32:18', 0);
INSERT INTO `tb_department` (`id`, `parent_id`, `dept_name`, `user_id`, `full_id`, `remarks`, `create_time`, `update_time`, `is_deleted`) VALUES (38, 1, '销售部', 1243, '0-1-38', NULL, '2023-04-01 10:00:00', '2023-04-12 09:24:44', 0);
INSERT INTO `tb_department` (`id`, `parent_id`, `dept_name`, `user_id`, `full_id`, `remarks`, `create_time`, `update_time`, `is_deleted`) VALUES (39, 38, '销售一部', 1247, '0-1-38-39', NULL, '2023-04-01 10:00:00', '2023-05-05 17:32:18', 0);
INSERT INTO `tb_department` (`id`, `parent_id`, `dept_name`, `user_id`, `full_id`, `remarks`, `create_time`, `update_time`, `is_deleted`) VALUES (40, 38, '销售二部', 1281, '0-1-38-40', NULL, '2023-04-01 10:00:00', '2023-05-05 17:32:18', 0);
INSERT INTO `tb_department` (`id`, `parent_id`, `dept_name`, `user_id`, `full_id`, `remarks`, `create_time`, `update_time`, `is_deleted`) VALUES (41, 38, '销售三部', 1313, '0-1-38-41', NULL, '2023-04-01 10:00:00', '2023-05-05 17:32:18', 0);
INSERT INTO `tb_department` (`id`, `parent_id`, `dept_name`, `user_id`, `full_id`, `remarks`, `create_time`, `update_time`, `is_deleted`) VALUES (42, 38, '销售四部', 1342, '0-1-38-42', NULL, '2023-04-01 10:00:00', '2023-05-05 17:32:18', 0);
INSERT INTO `tb_department` (`id`, `parent_id`, `dept_name`, `user_id`, `full_id`, `remarks`, `create_time`, `update_time`, `is_deleted`) VALUES (43, 38, '销售五部', 1377, '0-1-38-43', NULL, '2023-04-01 10:00:00', '2023-05-05 17:32:18', 0);
INSERT INTO `tb_department` (`id`, `parent_id`, `dept_name`, `user_id`, `full_id`, `remarks`, `create_time`, `update_time`, `is_deleted`) VALUES (44, 38, '销售六部', 1415, '0-1-38-44', NULL, '2023-04-01 10:00:00', '2023-05-05 17:32:18', 0);
INSERT INTO `tb_department` (`id`, `parent_id`, `dept_name`, `user_id`, `full_id`, `remarks`, `create_time`, `update_time`, `is_deleted`) VALUES (45, 38, '销售七部', 1453, '0-1-38-45', NULL, '2023-04-01 10:00:00', '2023-05-05 17:32:18', 0);
INSERT INTO `tb_department` (`id`, `parent_id`, `dept_name`, `user_id`, `full_id`, `remarks`, `create_time`, `update_time`, `is_deleted`) VALUES (46, 38, '销售八部', 1485, '0-1-38-46', NULL, '2023-04-01 10:00:00', '2023-05-05 17:32:18', 0);
INSERT INTO `tb_department` (`id`, `parent_id`, `dept_name`, `user_id`, `full_id`, `remarks`, `create_time`, `update_time`, `is_deleted`) VALUES (47, 38, '销售九部', 1519, '0-1-38-47', NULL, '2023-04-01 10:00:00', '2023-05-05 17:32:18', 0);
INSERT INTO `tb_department` (`id`, `parent_id`, `dept_name`, `user_id`, `full_id`, `remarks`, `create_time`, `update_time`, `is_deleted`) VALUES (48, 38, '销售十部', 1553, '0-1-38-48', NULL, '2023-04-01 10:00:00', '2023-05-05 17:32:18', 0);

INSERT INTO `tb_menu` (`id`, `parent_id`, `menu_code`, `menu_type`, `menu_name`, `component`, `url`, `icon`, `sort_number`, `is_frame`, `query`, `is_cache`, `is_show`, `is_enable`, `create_time`, `update_time`, `is_deleted`) VALUES (1, 0, '', 'M', '系统管理', 'Layout', '/system', 'system', 999, 0, NULL, 0, 1, 1, '2023-03-01 11:56:32', NULL, 0);
INSERT INTO `tb_menu` (`id`, `parent_id`, `menu_code`, `menu_type`, `menu_name`, `component`, `url`, `icon`, `sort_number`, `is_frame`, `query`, `is_cache`, `is_show`, `is_enable`, `create_time`, `update_time`, `is_deleted`) VALUES (2, 1, '', 'C', '用户管理', 'system/user/index', 'user', 'user', 999, 0, NULL, 0, 1, 1, '2023-03-01 11:58:44', '2023-03-16 13:03:35', 0);
INSERT INTO `tb_menu` (`id`, `parent_id`, `menu_code`, `menu_type`, `menu_name`, `component`, `url`, `icon`, `sort_number`, `is_frame`, `query`, `is_cache`, `is_show`, `is_enable`, `create_time`, `update_time`, `is_deleted`) VALUES (3, 1, '', 'C', '菜单管理', 'system/menu/index', 'menu', 'tree-table', 997, 0, NULL, 0, 1, 1, '2023-03-01 11:58:44', '2023-03-24 11:45:55', 0);
INSERT INTO `tb_menu` (`id`, `parent_id`, `menu_code`, `menu_type`, `menu_name`, `component`, `url`, `icon`, `sort_number`, `is_frame`, `query`, `is_cache`, `is_show`, `is_enable`, `create_time`, `update_time`, `is_deleted`) VALUES (4, 5, '', 'C', '部门管理', 'company/dept/index', 'dept', 'tree', 3, 0, NULL, 0, 1, 1, '2023-03-06 18:26:52', '2023-03-08 15:51:32', 0);
INSERT INTO `tb_menu` (`id`, `parent_id`, `menu_code`, `menu_type`, `menu_name`, `component`, `url`, `icon`, `sort_number`, `is_frame`, `query`, `is_cache`, `is_show`, `is_enable`, `create_time`, `update_time`, `is_deleted`) VALUES (5, 0, '', 'M', '人力资源', 'Layout', '/company', 'build', 1, 0, NULL, 0, 1, 1, '2023-03-08 14:46:53', '2023-04-12 09:21:47', 0);
INSERT INTO `tb_menu` (`id`, `parent_id`, `menu_code`, `menu_type`, `menu_name`, `component`, `url`, `icon`, `sort_number`, `is_frame`, `query`, `is_cache`, `is_show`, `is_enable`, `create_time`, `update_time`, `is_deleted`) VALUES (7, 5, '', 'C', '职位管理', 'company/post/index', 'post', 'post', 1, 0, NULL, 0, 1, 1, '2023-03-06 18:28:49', '2023-03-06 18:29:21', 0);
INSERT INTO `tb_menu` (`id`, `parent_id`, `menu_code`, `menu_type`, `menu_name`, `component`, `url`, `icon`, `sort_number`, `is_frame`, `query`, `is_cache`, `is_show`, `is_enable`, `create_time`, `update_time`, `is_deleted`) VALUES (9, 5, '', 'C', '职称管理', 'company/professionalTitle/index', 'title', 'post', 2, 0, NULL, 0, 1, 1, '2023-03-08 14:52:23', NULL, 0);
INSERT INTO `tb_menu` (`id`, `parent_id`, `menu_code`, `menu_type`, `menu_name`, `component`, `url`, `icon`, `sort_number`, `is_frame`, `query`, `is_cache`, `is_show`, `is_enable`, `create_time`, `update_time`, `is_deleted`) VALUES (10, 5, '', 'C', '员工入职', 'company/entry', 'entry', 'user', 4, 0, NULL, 0, 1, 1, '2023-03-08 16:43:13', '2023-03-13 18:17:12', 0);
INSERT INTO `tb_menu` (`id`, `parent_id`, `menu_code`, `menu_type`, `menu_name`, `component`, `url`, `icon`, `sort_number`, `is_frame`, `query`, `is_cache`, `is_show`, `is_enable`, `create_time`, `update_time`, `is_deleted`) VALUES (11, 0, '', 'M', '审批中心', 'Layout', '/approve', 'edit', 2, 0, NULL, 0, 1, 1, '2023-03-09 21:18:09', NULL, 1);
INSERT INTO `tb_menu` (`id`, `parent_id`, `menu_code`, `menu_type`, `menu_name`, `component`, `url`, `icon`, `sort_number`, `is_frame`, `query`, `is_cache`, `is_show`, `is_enable`, `create_time`, `update_time`, `is_deleted`) VALUES (12, 11, '', 'C', '入职审批', 'approve/employee', 'employee', 'user', 1, 0, NULL, 0, 1, 1, '2023-03-09 21:18:50', '2023-03-24 12:42:27', 1);
INSERT INTO `tb_menu` (`id`, `parent_id`, `menu_code`, `menu_type`, `menu_name`, `component`, `url`, `icon`, `sort_number`, `is_frame`, `query`, `is_cache`, `is_show`, `is_enable`, `create_time`, `update_time`, `is_deleted`) VALUES (13, 5, '', 'C', '员工管理', 'company/employee/index', 'employee', 'user', 5, 0, NULL, 0, 1, 1, '2023-03-13 18:17:42', NULL, 0);
INSERT INTO `tb_menu` (`id`, `parent_id`, `menu_code`, `menu_type`, `menu_name`, `component`, `url`, `icon`, `sort_number`, `is_frame`, `query`, `is_cache`, `is_show`, `is_enable`, `create_time`, `update_time`, `is_deleted`) VALUES (15, 1, '', 'C', '角色管理', 'system/role/index', 'role', 'peoples', 998, 0, NULL, 0, 1, 1, '2023-03-24 11:48:20', '2023-03-24 11:49:18', 0);
INSERT INTO `tb_menu` (`id`, `parent_id`, `menu_code`, `menu_type`, `menu_name`, `component`, `url`, `icon`, `sort_number`, `is_frame`, `query`, `is_cache`, `is_show`, `is_enable`, `create_time`, `update_time`, `is_deleted`) VALUES (16, 5, '', 'C', '员工组', 'company/userGroup/index', 'userGroup', 'peoples', 6, 0, NULL, 0, 1, 1, '2023-03-30 14:10:59', '2023-03-30 14:11:41', 0);
INSERT INTO `tb_menu` (`id`, `parent_id`, `menu_code`, `menu_type`, `menu_name`, `component`, `url`, `icon`, `sort_number`, `is_frame`, `query`, `is_cache`, `is_show`, `is_enable`, `create_time`, `update_time`, `is_deleted`) VALUES (17, 0, '', 'M', '行政管理', 'Layout', '/adm', 'form', 1, 0, NULL, 0, 1, 1, '2023-04-11 13:10:00', '2023-04-11 13:10:12', 0);
INSERT INTO `tb_menu` (`id`, `parent_id`, `menu_code`, `menu_type`, `menu_name`, `component`, `url`, `icon`, `sort_number`, `is_frame`, `query`, `is_cache`, `is_show`, `is_enable`, `create_time`, `update_time`, `is_deleted`) VALUES (18, 17, '', 'C', '印章管理', 'adm/seal/index', 'seal', 'lock', 1, 0, NULL, 0, 1, 1, '2023-04-11 13:11:00', '2023-04-11 13:13:13', 0);
INSERT INTO `tb_menu` (`id`, `parent_id`, `menu_code`, `menu_type`, `menu_name`, `component`, `url`, `icon`, `sort_number`, `is_frame`, `query`, `is_cache`, `is_show`, `is_enable`, `create_time`, `update_time`, `is_deleted`) VALUES (19, 17, '', 'C', '车辆管理', 'adm/car/index', 'car', 'car', 2, 0, NULL, 0, 1, 1, '2023-04-11 13:36:36', '2023-04-11 13:37:51', 0);
INSERT INTO `tb_menu` (`id`, `parent_id`, `menu_code`, `menu_type`, `menu_name`, `component`, `url`, `icon`, `sort_number`, `is_frame`, `query`, `is_cache`, `is_show`, `is_enable`, `create_time`, `update_time`, `is_deleted`) VALUES (20, 17, '', 'C', '会议室管理', 'adm/meeting/index', 'meeting', 'meeting', 3, 0, NULL, 0, 1, 1, '2023-04-11 13:55:36', '2023-04-11 13:57:08', 0);
INSERT INTO `tb_menu` (`id`, `parent_id`, `menu_code`, `menu_type`, `menu_name`, `component`, `url`, `icon`, `sort_number`, `is_frame`, `query`, `is_cache`, `is_show`, `is_enable`, `create_time`, `update_time`, `is_deleted`) VALUES (21, 1, '', 'C', '审批管理', 'system/setting/approve/list', 'approvalList', 'approve', 1, 0, NULL, 0, 1, 1, '2023-04-14 16:46:00', '2023-04-14 16:48:06', 0);
INSERT INTO `tb_menu` (`id`, `parent_id`, `menu_code`, `menu_type`, `menu_name`, `component`, `url`, `icon`, `sort_number`, `is_frame`, `query`, `is_cache`, `is_show`, `is_enable`, `create_time`, `update_time`, `is_deleted`) VALUES (22, 0, '', 'M', '办公审批', 'Layout', '/approve', 'edit', 1, 0, NULL, 0, 1, 1, '2023-04-21 16:41:55', NULL, 0);
INSERT INTO `tb_menu` (`id`, `parent_id`, `menu_code`, `menu_type`, `menu_name`, `component`, `url`, `icon`, `sort_number`, `is_frame`, `query`, `is_cache`, `is_show`, `is_enable`, `create_time`, `update_time`, `is_deleted`) VALUES (23, 22, '', 'C', '发起申请', 'approve/index', 'index', 'edit', 1, 0, NULL, 0, 1, 1, '2023-04-21 16:42:22', '2023-04-21 16:42:47', 0);


INSERT INTO `tb_post` (`id`, `post_name`, `parent_id`, `role`, `remarks`, `create_time`, `update_time`, `is_deleted`) VALUES (1, '董事长', 0, NULL, NULL, '2023-04-01 10:00:00', NULL, 0);
INSERT INTO `tb_post` (`id`, `post_name`, `parent_id`, `role`, `remarks`, `create_time`, `update_time`, `is_deleted`) VALUES (2, '总经理', 1, NULL, NULL, '2023-04-01 10:00:00', NULL, 0);
INSERT INTO `tb_post` (`id`, `post_name`, `parent_id`, `role`, `remarks`, `create_time`, `update_time`, `is_deleted`) VALUES (3, '技术总监', 2, NULL, NULL, '2023-04-01 10:00:00', NULL, 0);
INSERT INTO `tb_post` (`id`, `post_name`, `parent_id`, `role`, `remarks`, `create_time`, `update_time`, `is_deleted`) VALUES (4, '技术副总监', 3, NULL, NULL, '2023-04-01 10:00:00', NULL, 0);
INSERT INTO `tb_post` (`id`, `post_name`, `parent_id`, `role`, `remarks`, `create_time`, `update_time`, `is_deleted`) VALUES (5, '技术经理', 4, NULL, NULL, '2023-04-01 10:00:00', NULL, 0);
INSERT INTO `tb_post` (`id`, `post_name`, `parent_id`, `role`, `remarks`, `create_time`, `update_time`, `is_deleted`) VALUES (6, '技术主管', 5, NULL, NULL, '2023-04-10 10:53:23', NULL, 0);
INSERT INTO `tb_post` (`id`, `post_name`, `parent_id`, `role`, `remarks`, `create_time`, `update_time`, `is_deleted`) VALUES (7, '开发工程师', 6, '[1]', NULL, '2023-04-01 10:00:00', '2023-05-05 17:04:09', 0);
INSERT INTO `tb_post` (`id`, `post_name`, `parent_id`, `role`, `remarks`, `create_time`, `update_time`, `is_deleted`) VALUES (8, '测试经理', 4, NULL, NULL, '2023-04-01 10:00:00', NULL, 0);
INSERT INTO `tb_post` (`id`, `post_name`, `parent_id`, `role`, `remarks`, `create_time`, `update_time`, `is_deleted`) VALUES (9, '测试工程师', 8, '[1]', NULL, '2023-04-01 10:00:00', '2023-05-05 17:04:14', 0);
INSERT INTO `tb_post` (`id`, `post_name`, `parent_id`, `role`, `remarks`, `create_time`, `update_time`, `is_deleted`) VALUES (10, '市场总监', 2, NULL, NULL, '2023-04-01 10:00:00', NULL, 0);
INSERT INTO `tb_post` (`id`, `post_name`, `parent_id`, `role`, `remarks`, `create_time`, `update_time`, `is_deleted`) VALUES (11, '市场副总监', 10, NULL, NULL, '2023-04-01 10:00:00', NULL, 0);
INSERT INTO `tb_post` (`id`, `post_name`, `parent_id`, `role`, `remarks`, `create_time`, `update_time`, `is_deleted`) VALUES (12, '市场经理', 11, NULL, NULL, '2023-04-01 10:00:00', NULL, 0);
INSERT INTO `tb_post` (`id`, `post_name`, `parent_id`, `role`, `remarks`, `create_time`, `update_time`, `is_deleted`) VALUES (13, '市场主管', 12, NULL, NULL, '2023-04-01 10:00:00', NULL, 0);
INSERT INTO `tb_post` (`id`, `post_name`, `parent_id`, `role`, `remarks`, `create_time`, `update_time`, `is_deleted`) VALUES (14, '市场专员', 13, '[1]', NULL, '2023-04-01 10:00:00', '2023-05-05 17:04:25', 0);
INSERT INTO `tb_post` (`id`, `post_name`, `parent_id`, `role`, `remarks`, `create_time`, `update_time`, `is_deleted`) VALUES (15, '人事总监', 2, '[3,2]', NULL, '2023-04-01 10:00:00', '2023-05-05 17:41:40', 0);
INSERT INTO `tb_post` (`id`, `post_name`, `parent_id`, `role`, `remarks`, `create_time`, `update_time`, `is_deleted`) VALUES (16, '人事副总监', 15, '[3,2]', NULL, '2023-04-01 10:00:00', '2023-05-05 17:41:44', 0);
INSERT INTO `tb_post` (`id`, `post_name`, `parent_id`, `role`, `remarks`, `create_time`, `update_time`, `is_deleted`) VALUES (17, '人事经理', 16, '[2]', NULL, '2023-04-01 10:00:00', '2023-05-05 17:41:51', 0);
INSERT INTO `tb_post` (`id`, `post_name`, `parent_id`, `role`, `remarks`, `create_time`, `update_time`, `is_deleted`) VALUES (18, '人事主管', 17, '[2]', NULL, '2023-04-01 10:00:00', '2023-05-05 17:41:58', 0);
INSERT INTO `tb_post` (`id`, `post_name`, `parent_id`, `role`, `remarks`, `create_time`, `update_time`, `is_deleted`) VALUES (19, '人事专员', 18, '[2]', NULL, '2023-04-01 10:00:00', '2023-05-05 17:42:03', 0);
INSERT INTO `tb_post` (`id`, `post_name`, `parent_id`, `role`, `remarks`, `create_time`, `update_time`, `is_deleted`) VALUES (20, '行政经理', 16, '[3]', NULL, '2023-04-01 10:00:00', '2023-05-05 17:42:12', 0);
INSERT INTO `tb_post` (`id`, `post_name`, `parent_id`, `role`, `remarks`, `create_time`, `update_time`, `is_deleted`) VALUES (21, '行政主管', 20, '[3]', NULL, '2023-04-01 10:00:00', '2023-05-05 17:42:21', 0);
INSERT INTO `tb_post` (`id`, `post_name`, `parent_id`, `role`, `remarks`, `create_time`, `update_time`, `is_deleted`) VALUES (22, '行政专员', 21, '[3]', NULL, '2023-04-01 10:00:00', '2023-05-05 17:42:26', 0);
INSERT INTO `tb_post` (`id`, `post_name`, `parent_id`, `role`, `remarks`, `create_time`, `update_time`, `is_deleted`) VALUES (23, '财务总监', 2, NULL, NULL, '2023-04-01 10:00:00', NULL, 0);
INSERT INTO `tb_post` (`id`, `post_name`, `parent_id`, `role`, `remarks`, `create_time`, `update_time`, `is_deleted`) VALUES (24, '财务副总监', 23, NULL, NULL, '2023-04-01 10:00:00', NULL, 0);
INSERT INTO `tb_post` (`id`, `post_name`, `parent_id`, `role`, `remarks`, `create_time`, `update_time`, `is_deleted`) VALUES (25, '财务经理', 24, NULL, NULL, '2023-04-01 10:00:00', NULL, 0);
INSERT INTO `tb_post` (`id`, `post_name`, `parent_id`, `role`, `remarks`, `create_time`, `update_time`, `is_deleted`) VALUES (26, '财务主管', 25, '[1]', NULL, '2023-04-01 10:00:00', '2023-05-05 17:40:35', 0);
INSERT INTO `tb_post` (`id`, `post_name`, `parent_id`, `role`, `remarks`, `create_time`, `update_time`, `is_deleted`) VALUES (27, '财务专员', 26, '[1]', NULL, '2023-04-01 10:00:00', '2023-05-05 17:04:42', 0);
INSERT INTO `tb_post` (`id`, `post_name`, `parent_id`, `role`, `remarks`, `create_time`, `update_time`, `is_deleted`) VALUES (28, '运营总监', 2, NULL, NULL, '2023-04-01 10:00:00', NULL, 0);
INSERT INTO `tb_post` (`id`, `post_name`, `parent_id`, `role`, `remarks`, `create_time`, `update_time`, `is_deleted`) VALUES (29, '运营副总监', 28, NULL, NULL, '2023-04-01 10:00:00', NULL, 0);
INSERT INTO `tb_post` (`id`, `post_name`, `parent_id`, `role`, `remarks`, `create_time`, `update_time`, `is_deleted`) VALUES (30, '运营经理', 29, NULL, NULL, '2023-04-01 10:00:00', NULL, 0);
INSERT INTO `tb_post` (`id`, `post_name`, `parent_id`, `role`, `remarks`, `create_time`, `update_time`, `is_deleted`) VALUES (31, '运营主管', 30, '[1]', NULL, '2023-04-01 10:00:00', '2023-05-05 17:40:23', 0);
INSERT INTO `tb_post` (`id`, `post_name`, `parent_id`, `role`, `remarks`, `create_time`, `update_time`, `is_deleted`) VALUES (32, '运营专员', 31, '[1]', NULL, '2023-04-01 10:00:00', '2023-05-05 17:04:47', 0);
INSERT INTO `tb_post` (`id`, `post_name`, `parent_id`, `role`, `remarks`, `create_time`, `update_time`, `is_deleted`) VALUES (33, '产品总监', 2, NULL, NULL, '2023-04-01 10:00:00', NULL, 0);
INSERT INTO `tb_post` (`id`, `post_name`, `parent_id`, `role`, `remarks`, `create_time`, `update_time`, `is_deleted`) VALUES (34, '产品副总监', 33, NULL, NULL, '2023-04-01 10:00:00', NULL, 0);
INSERT INTO `tb_post` (`id`, `post_name`, `parent_id`, `role`, `remarks`, `create_time`, `update_time`, `is_deleted`) VALUES (35, '产品经理', 34, '[1]', NULL, '2023-04-01 10:00:00', '2023-05-05 17:40:17', 0);
INSERT INTO `tb_post` (`id`, `post_name`, `parent_id`, `role`, `remarks`, `create_time`, `update_time`, `is_deleted`) VALUES (36, '产品专员', 35, NULL, NULL, '2023-04-01 10:00:00', NULL, 0);
INSERT INTO `tb_post` (`id`, `post_name`, `parent_id`, `role`, `remarks`, `create_time`, `update_time`, `is_deleted`) VALUES (37, '销售总监', 2, NULL, NULL, '2023-04-01 10:00:00', NULL, 0);
INSERT INTO `tb_post` (`id`, `post_name`, `parent_id`, `role`, `remarks`, `create_time`, `update_time`, `is_deleted`) VALUES (38, '销售副总监', 37, NULL, NULL, '2023-04-01 10:00:00', NULL, 0);
INSERT INTO `tb_post` (`id`, `post_name`, `parent_id`, `role`, `remarks`, `create_time`, `update_time`, `is_deleted`) VALUES (39, '销售经理', 38, NULL, NULL, '2023-04-01 10:00:00', NULL, 0);
INSERT INTO `tb_post` (`id`, `post_name`, `parent_id`, `role`, `remarks`, `create_time`, `update_time`, `is_deleted`) VALUES (40, '销售主管', 39, '[1]', NULL, '2023-04-01 10:00:00', '2023-05-05 17:40:11', 0);
INSERT INTO `tb_post` (`id`, `post_name`, `parent_id`, `role`, `remarks`, `create_time`, `update_time`, `is_deleted`) VALUES (41, '销售专员', 40, '[1]', NULL, '2023-04-01 10:00:00', '2023-05-05 17:04:52', 0);


INSERT INTO `tb_professional_title` (`id`, `title_name`, `parent_id`, `remarks`, `create_time`, `update_time`, `is_deleted`) VALUES (1, 'M9', 0, '董事长', '2023-04-01 10:00:00', NULL, 0);
INSERT INTO `tb_professional_title` (`id`, `title_name`, `parent_id`, `remarks`, `create_time`, `update_time`, `is_deleted`) VALUES (2, 'M8', 1, '总经理', '2023-04-01 10:00:00', NULL, 0);
INSERT INTO `tb_professional_title` (`id`, `title_name`, `parent_id`, `remarks`, `create_time`, `update_time`, `is_deleted`) VALUES (3, 'M7', 2, '总监-3', '2023-04-01 10:00:00', NULL, 0);
INSERT INTO `tb_professional_title` (`id`, `title_name`, `parent_id`, `remarks`, `create_time`, `update_time`, `is_deleted`) VALUES (4, 'M6', 3, '总监-2', '2023-04-01 10:00:00', NULL, 0);
INSERT INTO `tb_professional_title` (`id`, `title_name`, `parent_id`, `remarks`, `create_time`, `update_time`, `is_deleted`) VALUES (5, 'M5', 4, '总监-1', '2023-04-01 10:00:00', NULL, 0);
INSERT INTO `tb_professional_title` (`id`, `title_name`, `parent_id`, `remarks`, `create_time`, `update_time`, `is_deleted`) VALUES (6, 'M3', 5, '经理-3', '2023-04-01 10:00:00', NULL, 0);
INSERT INTO `tb_professional_title` (`id`, `title_name`, `parent_id`, `remarks`, `create_time`, `update_time`, `is_deleted`) VALUES (7, 'M3', 6, '经理-2', '2023-04-01 10:00:00', NULL, 0);
INSERT INTO `tb_professional_title` (`id`, `title_name`, `parent_id`, `remarks`, `create_time`, `update_time`, `is_deleted`) VALUES (8, 'M2', 7, '经理-1', '2023-04-01 10:00:00', NULL, 0);
INSERT INTO `tb_professional_title` (`id`, `title_name`, `parent_id`, `remarks`, `create_time`, `update_time`, `is_deleted`) VALUES (9, 'M1', 8, '主管', '2023-04-01 10:00:00', NULL, 0);
INSERT INTO `tb_professional_title` (`id`, `title_name`, `parent_id`, `remarks`, `create_time`, `update_time`, `is_deleted`) VALUES (10, 'T11', 0, '专家3', '2023-04-01 10:00:00', NULL, 0);
INSERT INTO `tb_professional_title` (`id`, `title_name`, `parent_id`, `remarks`, `create_time`, `update_time`, `is_deleted`) VALUES (11, 'T10', 10, '专家2', '2023-04-01 10:00:00', NULL, 0);
INSERT INTO `tb_professional_title` (`id`, `title_name`, `parent_id`, `remarks`, `create_time`, `update_time`, `is_deleted`) VALUES (12, 'T9', 11, '专家1', '2023-04-01 10:00:00', NULL, 0);
INSERT INTO `tb_professional_title` (`id`, `title_name`, `parent_id`, `remarks`, `create_time`, `update_time`, `is_deleted`) VALUES (13, 'T8', 12, '资深3', '2023-04-01 10:00:00', NULL, 0);
INSERT INTO `tb_professional_title` (`id`, `title_name`, `parent_id`, `remarks`, `create_time`, `update_time`, `is_deleted`) VALUES (14, 'T7', 13, '资深2', '2023-04-01 10:00:00', NULL, 0);
INSERT INTO `tb_professional_title` (`id`, `title_name`, `parent_id`, `remarks`, `create_time`, `update_time`, `is_deleted`) VALUES (15, 'T6', 14, '资深1', '2023-04-01 10:00:00', NULL, 0);
INSERT INTO `tb_professional_title` (`id`, `title_name`, `parent_id`, `remarks`, `create_time`, `update_time`, `is_deleted`) VALUES (16, 'T5', 15, '高级3', '2023-04-01 10:00:00', NULL, 0);
INSERT INTO `tb_professional_title` (`id`, `title_name`, `parent_id`, `remarks`, `create_time`, `update_time`, `is_deleted`) VALUES (17, 'T4', 16, '高级2', '2023-04-01 10:00:00', NULL, 0);
INSERT INTO `tb_professional_title` (`id`, `title_name`, `parent_id`, `remarks`, `create_time`, `update_time`, `is_deleted`) VALUES (18, 'T3', 17, '高级1', '2023-04-01 10:00:00', NULL, 0);
INSERT INTO `tb_professional_title` (`id`, `title_name`, `parent_id`, `remarks`, `create_time`, `update_time`, `is_deleted`) VALUES (19, 'T2', 18, '中级', '2023-04-01 10:00:00', NULL, 0);
INSERT INTO `tb_professional_title` (`id`, `title_name`, `parent_id`, `remarks`, `create_time`, `update_time`, `is_deleted`) VALUES (20, 'T1', 19, '初级', '2023-04-01 10:00:00', NULL, 0);

INSERT INTO `tb_role` (`id`, `role_name`, `remarks`, `create_time`, `update_time`, `is_deleted`) VALUES (1, '普通员工', NULL, '2023-04-20 13:07:08', '2023-05-05 17:03:58', 0);
INSERT INTO `tb_role` (`id`, `role_name`, `remarks`, `create_time`, `update_time`, `is_deleted`) VALUES (2, '人事', NULL, '2023-05-05 17:41:18', NULL, 0);
INSERT INTO `tb_role` (`id`, `role_name`, `remarks`, `create_time`, `update_time`, `is_deleted`) VALUES (3, '行政', NULL, '2023-05-05 17:41:25', NULL, 0);



INSERT INTO `tb_role_menu` (`id`, `role_id`, `menu_id`, `create_time`, `update_time`, `is_deleted`) VALUES (1, 1, 5, '2023-04-20 13:07:08', NULL, 1);
INSERT INTO `tb_role_menu` (`id`, `role_id`, `menu_id`, `create_time`, `update_time`, `is_deleted`) VALUES (2, 1, 7, '2023-04-20 13:07:08', NULL, 1);
INSERT INTO `tb_role_menu` (`id`, `role_id`, `menu_id`, `create_time`, `update_time`, `is_deleted`) VALUES (3, 1, 9, '2023-04-20 13:07:08', NULL, 1);
INSERT INTO `tb_role_menu` (`id`, `role_id`, `menu_id`, `create_time`, `update_time`, `is_deleted`) VALUES (4, 1, 4, '2023-04-20 13:07:08', NULL, 1);
INSERT INTO `tb_role_menu` (`id`, `role_id`, `menu_id`, `create_time`, `update_time`, `is_deleted`) VALUES (5, 1, 10, '2023-04-20 13:07:08', NULL, 1);
INSERT INTO `tb_role_menu` (`id`, `role_id`, `menu_id`, `create_time`, `update_time`, `is_deleted`) VALUES (6, 1, 13, '2023-04-20 13:07:08', NULL, 1);
INSERT INTO `tb_role_menu` (`id`, `role_id`, `menu_id`, `create_time`, `update_time`, `is_deleted`) VALUES (7, 1, 16, '2023-04-20 13:07:08', NULL, 1);
INSERT INTO `tb_role_menu` (`id`, `role_id`, `menu_id`, `create_time`, `update_time`, `is_deleted`) VALUES (8, 1, 17, '2023-04-20 13:07:08', NULL, 1);
INSERT INTO `tb_role_menu` (`id`, `role_id`, `menu_id`, `create_time`, `update_time`, `is_deleted`) VALUES (9, 1, 18, '2023-04-20 13:07:08', NULL, 1);
INSERT INTO `tb_role_menu` (`id`, `role_id`, `menu_id`, `create_time`, `update_time`, `is_deleted`) VALUES (10, 1, 19, '2023-04-20 13:07:08', NULL, 1);
INSERT INTO `tb_role_menu` (`id`, `role_id`, `menu_id`, `create_time`, `update_time`, `is_deleted`) VALUES (11, 1, 20, '2023-04-20 13:07:08', NULL, 1);
INSERT INTO `tb_role_menu` (`id`, `role_id`, `menu_id`, `create_time`, `update_time`, `is_deleted`) VALUES (12, 1, 11, '2023-04-20 13:07:08', NULL, 1);
INSERT INTO `tb_role_menu` (`id`, `role_id`, `menu_id`, `create_time`, `update_time`, `is_deleted`) VALUES (13, 1, 12, '2023-04-20 13:07:08', NULL, 1);
INSERT INTO `tb_role_menu` (`id`, `role_id`, `menu_id`, `create_time`, `update_time`, `is_deleted`) VALUES (14, 1, 1, '2023-04-20 13:07:08', NULL, 1);
INSERT INTO `tb_role_menu` (`id`, `role_id`, `menu_id`, `create_time`, `update_time`, `is_deleted`) VALUES (15, 1, 14, '2023-04-20 13:07:08', NULL, 1);
INSERT INTO `tb_role_menu` (`id`, `role_id`, `menu_id`, `create_time`, `update_time`, `is_deleted`) VALUES (16, 1, 21, '2023-04-20 13:07:08', NULL, 1);
INSERT INTO `tb_role_menu` (`id`, `role_id`, `menu_id`, `create_time`, `update_time`, `is_deleted`) VALUES (17, 1, 3, '2023-04-20 13:07:08', NULL, 1);
INSERT INTO `tb_role_menu` (`id`, `role_id`, `menu_id`, `create_time`, `update_time`, `is_deleted`) VALUES (18, 1, 15, '2023-04-20 13:07:08', NULL, 1);
INSERT INTO `tb_role_menu` (`id`, `role_id`, `menu_id`, `create_time`, `update_time`, `is_deleted`) VALUES (19, 1, 2, '2023-04-20 13:07:08', NULL, 1);
INSERT INTO `tb_role_menu` (`id`, `role_id`, `menu_id`, `create_time`, `update_time`, `is_deleted`) VALUES (20, 1, 22, '2023-05-05 17:03:58', NULL, 0);
INSERT INTO `tb_role_menu` (`id`, `role_id`, `menu_id`, `create_time`, `update_time`, `is_deleted`) VALUES (21, 1, 23, '2023-05-05 17:03:58', NULL, 0);
INSERT INTO `tb_role_menu` (`id`, `role_id`, `menu_id`, `create_time`, `update_time`, `is_deleted`) VALUES (22, 2, 5, '2023-05-05 17:41:18', NULL, 0);
INSERT INTO `tb_role_menu` (`id`, `role_id`, `menu_id`, `create_time`, `update_time`, `is_deleted`) VALUES (23, 2, 7, '2023-05-05 17:41:18', NULL, 0);
INSERT INTO `tb_role_menu` (`id`, `role_id`, `menu_id`, `create_time`, `update_time`, `is_deleted`) VALUES (24, 2, 9, '2023-05-05 17:41:18', NULL, 0);
INSERT INTO `tb_role_menu` (`id`, `role_id`, `menu_id`, `create_time`, `update_time`, `is_deleted`) VALUES (25, 2, 4, '2023-05-05 17:41:18', NULL, 0);
INSERT INTO `tb_role_menu` (`id`, `role_id`, `menu_id`, `create_time`, `update_time`, `is_deleted`) VALUES (26, 2, 10, '2023-05-05 17:41:18', NULL, 0);
INSERT INTO `tb_role_menu` (`id`, `role_id`, `menu_id`, `create_time`, `update_time`, `is_deleted`) VALUES (27, 2, 13, '2023-05-05 17:41:18', NULL, 0);
INSERT INTO `tb_role_menu` (`id`, `role_id`, `menu_id`, `create_time`, `update_time`, `is_deleted`) VALUES (28, 2, 16, '2023-05-05 17:41:18', NULL, 0);
INSERT INTO `tb_role_menu` (`id`, `role_id`, `menu_id`, `create_time`, `update_time`, `is_deleted`) VALUES (29, 2, 22, '2023-05-05 17:41:18', NULL, 0);
INSERT INTO `tb_role_menu` (`id`, `role_id`, `menu_id`, `create_time`, `update_time`, `is_deleted`) VALUES (30, 2, 23, '2023-05-05 17:41:18', NULL, 0);
INSERT INTO `tb_role_menu` (`id`, `role_id`, `menu_id`, `create_time`, `update_time`, `is_deleted`) VALUES (31, 3, 17, '2023-05-05 17:41:25', NULL, 0);
INSERT INTO `tb_role_menu` (`id`, `role_id`, `menu_id`, `create_time`, `update_time`, `is_deleted`) VALUES (32, 3, 18, '2023-05-05 17:41:25', NULL, 0);
INSERT INTO `tb_role_menu` (`id`, `role_id`, `menu_id`, `create_time`, `update_time`, `is_deleted`) VALUES (33, 3, 19, '2023-05-05 17:41:25', NULL, 0);
INSERT INTO `tb_role_menu` (`id`, `role_id`, `menu_id`, `create_time`, `update_time`, `is_deleted`) VALUES (34, 3, 20, '2023-05-05 17:41:25', NULL, 0);
INSERT INTO `tb_role_menu` (`id`, `role_id`, `menu_id`, `create_time`, `update_time`, `is_deleted`) VALUES (35, 3, 22, '2023-05-05 17:41:25', NULL, 0);
INSERT INTO `tb_role_menu` (`id`, `role_id`, `menu_id`, `create_time`, `update_time`, `is_deleted`) VALUES (36, 3, 23, '2023-05-05 17:41:25', NULL, 0);

INSERT INTO `tb_user` (`id`, `employee_number`, `nick_name`, `nick_name_py`, `user_pwd`, `is_init_pwd`, `mobile`, `email`, `alias`, `first_employment_date`, `direct_leader_id`, `entry_date`, `probation_period`, `estimated_conversion_date`, `probationary_wage`, `salary`, `department_id`, `post_id`, `professional_title_id`, `document_type`, `document_number`, `birth_date`, `household_registration_type`, `domicile_address`, `gender`, `nationality`, `marital_status`, `political_status`, `social_security_account_number`, `provident_fund_account`, `residential_address`, `highest_degree`, `graduate_school`, `graduation_time`, `major`, `deposit_bank`, `bank_card_number`, `work_experience`, `family_information`, `emergency_contact`, `is_admin`, `user_status`, `create_time`, `create_user_id`, `update_time`, `is_deleted`) VALUES (1, '10000', '管理员', 'guanliyuan', '$2a$10$Onw5jzHydkPbrKwWCLX7FuwKrJwjzM63Jpfg7Gl.hiXXP9hloANeG', 0, NULL, NULL, NULL, NULL, 0, NULL, NULL, NULL, NULL, NULL, 0, 0, 0, NULL, NULL, NULL, NULL, NULL, NULL, NULL, NULL, NULL, NULL, NULL, NULL, NULL, NULL, NULL, NULL, NULL, NULL, NULL, NULL, NULL, 1, 1, '2023-02-28 17:05:53', 0, NULL, 0);

COMMIT;
